<?xml version="1.0" encoding="UTF-8"?>
<metadata xmlns="http://www.demandware.com/xml/impex/metadata/2006-10-31">

    <type-extension type-id="Profile">
        <custom-attribute-definitions>
            <attribute-definition attribute-id="ckoCustomerId">
                <display-name xml:lang="x-default">Checkout.com Customer ID</display-name>
                <type>string</type>
                <mandatory-flag>false</mandatory-flag>
                <externally-managed-flag>false</externally-managed-flag>
                <min-length>0</min-length>
            </attribute-definition>
        </custom-attribute-definitions>
        <group-definitions>
            <attribute-group group-id="Checkout.com">
                <display-name xml:lang="x-default">Checkout.com</display-name>
                <attribute attribute-id="ckoCustomerId"/>
            </attribute-group>
        </group-definitions>
    </type-extension>

    <type-extension type-id="PaymentTransaction">
        <custom-attribute-definitions>
            <attribute-definition attribute-id="ckoPaymentId">
                <display-name xml:lang="x-default">Checkout.com Payment ID</display-name>
                <type>string</type>
                <mandatory-flag>false</mandatory-flag>
                <externally-managed-flag>false</externally-managed-flag>
                <min-length>0</min-length>
            </attribute-definition>
            <attribute-definition attribute-id="ckoParentTransactionId">
                <display-name xml:lang="x-default">Checkout.com Parent Transaction ID</display-name>
                <type>string</type>
                <mandatory-flag>false</mandatory-flag>
                <externally-managed-flag>false</externally-managed-flag>
                <min-length>0</min-length>
            </attribute-definition>
            <attribute-definition attribute-id="ckoTransactionType">
                <display-name xml:lang="x-default">Checkout.com Transaction Type</display-name>
                <type>string</type>
                <mandatory-flag>false</mandatory-flag>
                <externally-managed-flag>false</externally-managed-flag>
                <min-length>0</min-length>
            </attribute-definition>
            <attribute-definition attribute-id="ckoTransactionOpened">
                <display-name xml:lang="x-default">Checkout.com Transaction Opened</display-name>
                <type>string</type>
                <mandatory-flag>false</mandatory-flag>
                <externally-managed-flag>false</externally-managed-flag>
                <min-length>0</min-length>
            </attribute-definition>
            <attribute-definition attribute-id="ckoGooglePayData">
                <display-name xml:lang="x-default">Checkout.com Google Pay Data</display-name>
                <type>string</type>
                <mandatory-flag>false</mandatory-flag>
                <externally-managed-flag>false</externally-managed-flag>
                <min-length>0</min-length>
            </attribute-definition>
            <attribute-definition attribute-id="ckoApplePayData">
                <display-name xml:lang="x-default">Checkout.com Apple Pay Data</display-name>
                <type>string</type>
                <mandatory-flag>false</mandatory-flag>
                <externally-managed-flag>false</externally-managed-flag>
                <min-length>0</min-length>
            </attribute-definition>
        </custom-attribute-definitions>
        <group-definitions>
            <attribute-group group-id="Checkout.com">
                <display-name xml:lang="x-default">Checkout.com</display-name>
                <attribute attribute-id="ckoPaymentId"/>
                <attribute attribute-id="ckoParentTransactionId"/>
                <attribute attribute-id="ckoTransactionType"/>
                <attribute attribute-id="ckoTransactionOpened"/>
                <attribute attribute-id="ckoGooglePayData"/>
                <attribute attribute-id="ckoApplePayData"/>
           </attribute-group>
        </group-definitions>
    </type-extension>

    <type-extension type-id="CustomerPaymentInstrument">
        <custom-attribute-definitions>
            <attribute-definition attribute-id="ckoCreditCardType">
                <display-name xml:lang="x-default">ckoCreditCardType</display-name>
                <description xml:lang="x-default">Checkout.com Credit card type</description>
                <type>string</type>
                <mandatory-flag>false</mandatory-flag>
                <externally-managed-flag>false</externally-managed-flag>
                <min-length>0</min-length>
            </attribute-definition>
            <attribute-definition attribute-id="ckoPaymentData">
                <display-name xml:lang="x-default">ckoPaymentData</display-name>
                <description xml:lang="x-default">Checkout.com PaymentData</description>
                <type>text</type>
                <mandatory-flag>false</mandatory-flag>
                <externally-managed-flag>false</externally-managed-flag>
                <min-length>0</min-length>
                <field-length>0</field-length>
            </attribute-definition>
        </custom-attribute-definitions>
        <group-definitions>
            <attribute-group group-id="ckoPayment">
                <display-name xml:lang="x-default">ckoPayment</display-name>
                <attribute attribute-id="ckoCreditCardType"/>
                <attribute attribute-id="ckoPaymentData"/>
            </attribute-group>
        </group-definitions>
    </type-extension>

    <type-extension type-id="OrderPaymentInstrument">
        <custom-attribute-definitions>
            <attribute-definition attribute-id="ckoPaymentData">
                <display-name xml:lang="x-default">ckoPaymentData</display-name>
                <description xml:lang="x-default">Checkout.comPaymentData 3D Secure</description>
                <type>text</type>
                <mandatory-flag>false</mandatory-flag>
                <externally-managed-flag>false</externally-managed-flag>
                <min-length>0</min-length>
                <field-length>0</field-length>
            </attribute-definition>
        </custom-attribute-definitions>
        <group-definitions>
            <attribute-group group-id="ckoPayment">
                <display-name xml:lang="x-default">ckoPayment</display-name>
                <attribute attribute-id="ckoPaymentData"/>
            </attribute-group>
        </group-definitions>
    </type-extension>

    <type-extension type-id="PaymentTransaction">
        <system-attribute-definitions>
            <attribute-definition attribute-id="UUID">
                <min-length>0</min-length>
                <field-length>28</field-length>
            </attribute-definition>
            <attribute-definition attribute-id="creationDate"/>
            <attribute-definition attribute-id="lastModified"/>
            <attribute-definition attribute-id="transactionID">
                <min-length>0</min-length>
            </attribute-definition>
            <attribute-definition attribute-id="type">
                <value-definitions immutable="true">
                    <value-definition>
                        <display xml:lang="x-default">Authorization</display>
                        <value>TYPE_AUTH</value>
                    </value-definition>
                    <value-definition>
                        <display xml:lang="x-default">Authorization Reversal</display>
                        <value>TYPE_AUTH_REVERSAL</value>
                    </value-definition>
                    <value-definition>
                        <display xml:lang="x-default">Capture</display>
                        <value>TYPE_CAPTURE</value>
                    </value-definition>
                    <value-definition>
                        <display xml:lang="x-default">Credit</display>
                        <value>TYPE_CREDIT</value>
                    </value-definition>
                </value-definitions>
            </attribute-definition>
        </system-attribute-definitions>
        <custom-attribute-definitions>
            <attribute-definition attribute-id="AmountPaid">
                <display-name xml:lang="x-default">Amount Paid</display-name>
                <type>double</type>
                <mandatory-flag>false</mandatory-flag>
                <externally-managed-flag>false</externally-managed-flag>
            </attribute-definition>
            <attribute-definition attribute-id="approvalStatus">
                <display-name xml:lang="x-default">Approval Status</display-name>
                <type>string</type>
                <mandatory-flag>false</mandatory-flag>
                <externally-managed-flag>false</externally-managed-flag>
                <min-length>0</min-length>
            </attribute-definition>
            <attribute-definition attribute-id="authAmount">
                <display-name xml:lang="x-default">Auth Amount</display-name>
                <type>string</type>
                <mandatory-flag>false</mandatory-flag>
                <externally-managed-flag>false</externally-managed-flag>
                <min-length>0</min-length>
            </attribute-definition>
            <attribute-definition attribute-id="authCode">
                <display-name xml:lang="x-default">Authorization Code</display-name>
                <type>string</type>
                <mandatory-flag>false</mandatory-flag>
                <externally-managed-flag>false</externally-managed-flag>
                <min-length>0</min-length>
            </attribute-definition>
            <attribute-definition attribute-id="cardType">
                <display-name xml:lang="x-default">Card Type</display-name>
                <type>string</type>
                <mandatory-flag>false</mandatory-flag>
                <externally-managed-flag>false</externally-managed-flag>
                <min-length>0</min-length>
            </attribute-definition>
            <attribute-definition attribute-id="requestId">
                <display-name xml:lang="x-default">Request ID</display-name>
                <type>string</type>
                <mandatory-flag>false</mandatory-flag>
                <externally-managed-flag>false</externally-managed-flag>
                <min-length>0</min-length>
            </attribute-definition>
            <attribute-definition attribute-id="requestToken">
                <display-name xml:lang="x-default">Request Token</display-name>
                <type>string</type>
                <mandatory-flag>false</mandatory-flag>
                <externally-managed-flag>false</externally-managed-flag>
                <min-length>0</min-length>
            </attribute-definition>
            <attribute-definition attribute-id="Cko_log">
                <display-name xml:lang="x-default">Cko Log</display-name>
                <type>text</type>
                <mandatory-flag>false</mandatory-flag>
                <externally-managed-flag>false</externally-managed-flag>
            </attribute-definition>
            <attribute-definition attribute-id="cko_authResult">
                <display-name xml:lang="x-default">Cko_authResult</display-name>
                <type>string</type>
                <mandatory-flag>false</mandatory-flag>
                <externally-managed-flag>false</externally-managed-flag>
            </attribute-definition>
             <attribute-definition attribute-id="Cko_merchantReference">
                <display-name xml:lang="x-default">Cko_merchantReference</display-name>
                <type>string</type>
                <mandatory-flag>false</mandatory-flag>
                <externally-managed-flag>false</externally-managed-flag>
            </attribute-definition>
             <attribute-definition attribute-id="Cko_merchantReturnData">
                <display-name xml:lang="x-default">Cko_merchantReturnData</display-name>
                <type>string</type>
                <mandatory-flag>false</mandatory-flag>
                <externally-managed-flag>false</externally-managed-flag>
            </attribute-definition>
             <attribute-definition attribute-id="Cko_merchantSig">
                <display-name xml:lang="x-default">Cko_merchantSig</display-name>
                <type>string</type>
                <mandatory-flag>false</mandatory-flag>
                <externally-managed-flag>false</externally-managed-flag>
            </attribute-definition>
             <attribute-definition attribute-id="Cko_paymentMethod">
                <display-name xml:lang="x-default">Cko_paymentMethod</display-name>
                <type>string</type>
                <mandatory-flag>false</mandatory-flag>
                <externally-managed-flag>false</externally-managed-flag>
            </attribute-definition>
             <attribute-definition attribute-id="Cko_pspReference">
                <display-name xml:lang="x-default">Cko_pspReference</display-name>
                <type>string</type>
                <mandatory-flag>false</mandatory-flag>
                <externally-managed-flag>false</externally-managed-flag>
            </attribute-definition>
             <attribute-definition attribute-id="Cko_shopperLocale">
                <display-name xml:lang="x-default">Cko_shopperLocale</display-name>
                <type>string</type>
                <mandatory-flag>false</mandatory-flag>
                <externally-managed-flag>false</externally-managed-flag>
            </attribute-definition>
             <attribute-definition attribute-id="Cko_skinCode">
                <display-name xml:lang="x-default">Cko_skinCode</display-name>
                <type>string</type>
                <mandatory-flag>false</mandatory-flag>
                <externally-managed-flag>false</externally-managed-flag>
            </attribute-definition>
        </custom-attribute-definitions>
    </type-extension>

    <type-extension type-id="SitePreferences">
        <custom-attribute-definitions>
            <attribute-definition attribute-id="ckoVersion">
                <type>string</type>
                <default-value>20.3.0</default-value>
            </attribute-definition>
            <attribute-definition attribute-id="ckoSgPlatformData">
                <type>string</type>
                <default-value>Checkout.com Site Genesis Cartridge - Version: 20.3.0</default-value>
            </attribute-definition>
            <attribute-definition attribute-id="ckoSfraPlatformData">
                <type>string</type>
                <default-value>Checkout.com SFRA Cartridge - Version: 20.3.0</default-value>
            </attribute-definition>
            <attribute-definition attribute-id="ckoBmPlatformData">
                <type>string</type>
                <default-value>Checkout.com Business Manager Cartridge - Version: 20.3.0</default-value>
            </attribute-definition>
            <attribute-definition attribute-id="ckoBillingDescriptor1">
                <display-name xml:lang="x-default">Billing Descriptor 1</display-name>
                <description xml:lang="x-default">Billing Descriptor (max 25 characters)</description>
                <type>string</type>
                <mandatory-flag>false</mandatory-flag>
                <externally-managed-flag>false</externally-managed-flag>
                <min-length>3</min-length>
                <default-value></default-value>
            </attribute-definition>
            <attribute-definition attribute-id="ckoBillingDescriptor2">
                <display-name xml:lang="x-default">Billing Descriptor 2</display-name>
                <description xml:lang="x-default">Billing Descriptor 2 (max 30 characters)</description>
                <type>string</type>
                <mandatory-flag>false</mandatory-flag>
                <externally-managed-flag>false</externally-managed-flag>
                <min-length>3</min-length>
                <default-value></default-value>
            </attribute-definition>
            <attribute-definition attribute-id="ckoBusinessName">
                <display-name xml:lang="x-default">Buisness Name</display-name>
                <description xml:lang="x-default">Buisness Name (max 20 characters)</description>
                <type>string</type>
                <mandatory-flag>true</mandatory-flag>
                <externally-managed-flag>false</externally-managed-flag>
                <min-length>3</min-length>
                <default-value></default-value>
            </attribute-definition>
            <attribute-definition attribute-id="ckoBusinessAddressLine1">
                <display-name xml:lang="x-default">Buisness Address 1</display-name>
                <description xml:lang="x-default">Business Address 1 (max 20 characters)</description>
                <type>string</type>
                <mandatory-flag>true</mandatory-flag>
                <externally-managed-flag>false</externally-managed-flag>
                <min-length>3</min-length>
                <default-value></default-value>
            </attribute-definition>
            <attribute-definition attribute-id="ckoBusinessAddressLine2">
                <display-name xml:lang="x-default">Buisness Address 2</display-name>
                <description xml:lang="x-default">Business Address 2 (max 20 characters)</description>
                <type>string</type>
                <mandatory-flag>false</mandatory-flag>
                <externally-managed-flag>false</externally-managed-flag>
                <min-length>3</min-length>
                <default-value></default-value>
            </attribute-definition>
            <attribute-definition attribute-id="ckoBusinessCity">
                <display-name xml:lang="x-default">City</display-name>
                <description xml:lang="x-default">City (max 20 characters)</description>
                <type>string</type>
                <mandatory-flag>true</mandatory-flag>
                <externally-managed-flag>false</externally-managed-flag>
                <min-length>3</min-length>
                <default-value></default-value>
            </attribute-definition>
            <attribute-definition attribute-id="ckoBusinessCountry">
                <display-name xml:lang="x-default">Country</display-name>
                <description xml:lang="x-default">Business Country (max 20 characters)</description>
                <type>string</type>
                <mandatory-flag>true</mandatory-flag>
                <externally-managed-flag>false</externally-managed-flag>
                <min-length>3</min-length>
                <default-value></default-value>
            </attribute-definition>
            <attribute-definition attribute-id="ckoMode">
                <display-name xml:lang="x-default">Mode</display-name>
                <description xml:lang="x-default">Should the payment method should run in sandbox or live mode.</description>
                <type>string</type>
                <mandatory-flag>true</mandatory-flag>
                <externally-managed-flag>false</externally-managed-flag>
                <select-multiple-flag>false</select-multiple-flag>
                <value-definitions>
                    <value-definition>
                        <display xml:lang="x-default">Sandbox</display>
                        <value>sandbox</value>
                    </value-definition>
                    <value-definition>
                        <display xml:lang="x-default">Live</display>
                        <value>live</value>
                    </value-definition>
                </value-definitions>
                <default-value>sandbox</default-value>
            </attribute-definition>
            <attribute-definition attribute-id="ckoSgStorefrontCore">
                <display-name xml:lang="x-default">Site Genesis Storefront Core</display-name>
                <description xml:lang="x-default">Site Genesis Storefront Core Folder Name</description>
                <type>string</type>
                <mandatory-flag>false</mandatory-flag>
                <externally-managed-flag>false</externally-managed-flag>
                <min-length>0</min-length>
                <default-value>sitegenesis_storefront_core</default-value>
            </attribute-definition>
            <attribute-definition attribute-id="ckoSgStorefrontControllers">
                <display-name xml:lang="x-default">Site Genesis Storefront Controllers</display-name>
                <description xml:lang="x-default">Site Genesis Storefront Controllers Folder Name</description>
                <type>string</type>
                <mandatory-flag>false</mandatory-flag>
                <externally-managed-flag>false</externally-managed-flag>
                <min-length>0</min-length>
                <default-value>sitegenesis_storefront_controllers</default-value>
            </attribute-definition>
            <attribute-definition attribute-id="ckoSfraStorefrontBase">
                <display-name xml:lang="x-default">SFRA Storefront Base</display-name>
                <description xml:lang="x-default">SFRA Storefront Base Folder Name</description>
                <type>string</type>
                <mandatory-flag>false</mandatory-flag>
                <externally-managed-flag>false</externally-managed-flag>
                <min-length>0</min-length>
                <default-value>app_storefront_base</default-value>
            </attribute-definition>
            <attribute-definition attribute-id="ckoDebugEnabled">
                <display-name xml:lang="x-default">Enable debug mode</display-name>
                <description xml:lang="x-default">If set to yes, the gateway requests and responses are displayed in the request log.</description>
                <type>boolean</type>
                <mandatory-flag>false</mandatory-flag>
                <externally-managed-flag>false</externally-managed-flag>
                <default-value>true</default-value>
            </attribute-definition>
            <attribute-definition attribute-id="cko3ds">
                <display-name xml:lang="x-default">3D Secure</display-name>
                <description xml:lang="x-default">If set to yes, 3D Secure verification will be enabled for all transactions.</description>
                <type>boolean</type>
                <mandatory-flag>true</mandatory-flag>
                <externally-managed-flag>false</externally-managed-flag>
                <default-value>false</default-value>
            </attribute-definition>
            <attribute-definition attribute-id="ckoN3ds">
                <display-name xml:lang="x-default">Attempt Non 3D Secure</display-name>
                <description xml:lang="x-default">If set to yes, Non 3D Secure payment will be attempted if 3D Secure fails. Works only with 3D Secure enabled.</description>
                <type>boolean</type>
                <mandatory-flag>true</mandatory-flag>
                <externally-managed-flag>false</externally-managed-flag>
                <default-value>true</default-value>
            </attribute-definition>
            <attribute-definition attribute-id="ckoAutoCapture">
                <display-name xml:lang="x-default">Auto capture</display-name>
                <description xml:lang="x-default">Set to true if you want the payment to be captured automatically after the authorisation. Set to false if you want to manually capture your payments.</description>
                <type>boolean</type>
                <mandatory-flag>true</mandatory-flag>
                <externally-managed-flag>false</externally-managed-flag>
                <default-value>true</default-value>
            </attribute-definition>
            <attribute-definition attribute-id="ckoAutoCaptureTime">
                <display-name xml:lang="x-default">Auto capture time</display-name>
                <description xml:lang="x-default">Only if autocapture is set to true, Sets the time after which the capture is triggered automatically, in minutes.</description>
                <type>string</type>
                <mandatory-flag>false</mandatory-flag>
                <externally-managed-flag>false</externally-managed-flag>
                <min-length>0</min-length>
                <default-value>0</default-value>
            </attribute-definition>
            <attribute-definition attribute-id="ckoMada">
                <display-name xml:lang="x-default">Enable MADA Payment Cards</display-name>
                <description xml:lang="x-default">Enable payments from customers in the Middle East.</description>
                <type>boolean</type>
                <mandatory-flag>true</mandatory-flag>
                <externally-managed-flag>false</externally-managed-flag>
                <default-value>false</default-value>
            </attribute-definition>
            <attribute-definition attribute-id="ckoEnableRiskFlag">
                <display-name xml:lang="x-default">Enable Risk Flag</display-name>
                <description xml:lang="x-default">Enable your CKO Hub rist flag settings during checkout.</description>
                <type>boolean</type>
                <mandatory-flag>true</mandatory-flag>
                <externally-managed-flag>false</externally-managed-flag>
                <default-value>false</default-value>
            </attribute-definition>
            <attribute-definition attribute-id="ckoSavedCardEnabled">
                <display-name xml:lang="x-default">Enable Saved Card</display-name>
                <description xml:lang="x-default">Enable customers to saved card at checkout.</description>
                <type>boolean</type>
                <mandatory-flag>true</mandatory-flag>
                <externally-managed-flag>false</externally-managed-flag>
                <default-value>false</default-value>
            </attribute-definition>
            <attribute-definition attribute-id="ckoUseSavedCardEnabled">
                <display-name xml:lang="x-default">Enable Checkout With Saved Cards</display-name>
                <description xml:lang="x-default">Enable customers to use saved card to checkout.</description>
                <type>boolean</type>
                <mandatory-flag>true</mandatory-flag>
                <externally-managed-flag>false</externally-managed-flag>
                <default-value>false</default-value>
            </attribute-definition>
            <attribute-definition attribute-id="ckoSandboxPublicKey">
                <display-name xml:lang="x-default">Public Key</display-name>
                <description xml:lang="x-default">Sandbox public key provided by Checkout.com.</description>
                <type>string</type>
                <mandatory-flag>true</mandatory-flag>
                <externally-managed-flag>false</externally-managed-flag>
                <min-length>0</min-length>
            </attribute-definition>
            <attribute-definition attribute-id="ckoSandboxPrivateSharedKey">
                <display-name xml:lang="x-default">Private Shared Key</display-name>
                <description xml:lang="x-default">Sandbox private shared key provided by Checkout.com.</description>
                <type>string</type>
                <mandatory-flag>true</mandatory-flag>
                <externally-managed-flag>false</externally-managed-flag>
                <min-length>0</min-length>
            </attribute-definition>
            <attribute-definition attribute-id="ckoSandboxSecretKey">
                <display-name xml:lang="x-default">Secret Key</display-name>
                <description xml:lang="x-default">Sandbox secret key provided by Checkout.com.</description>
                <type>string</type>
                <mandatory-flag>true</mandatory-flag>
                <externally-managed-flag>false</externally-managed-flag>
                <min-length>0</min-length>
            </attribute-definition>
            <attribute-definition attribute-id="ckoLivePublicKey">
                <display-name xml:lang="x-default">Public Key</display-name>
                <description xml:lang="x-default">Live public key provided by Checkout.com.</description>
                <type>string</type>
                <mandatory-flag>true</mandatory-flag>
                <externally-managed-flag>false</externally-managed-flag>
                <min-length>0</min-length>
            </attribute-definition>
            <attribute-definition attribute-id="ckoLivePrivateSharedKey">
                <display-name xml:lang="x-default">Private Shared Key</display-name>
                <description xml:lang="x-default">Live private shared key provided by Checkout.com.</description>
                <type>string</type>
                <mandatory-flag>true</mandatory-flag>
                <externally-managed-flag>false</externally-managed-flag>
                <min-length>0</min-length>
            </attribute-definition>
            <attribute-definition attribute-id="ckoLiveSecretKey">
                <display-name xml:lang="x-default">Secret key</display-name>
                <description xml:lang="x-default">Live secret key provided by Checkout.com.</description>
                <type>string</type>
                <mandatory-flag>true</mandatory-flag>
                <externally-managed-flag>false</externally-managed-flag>
                <min-length>0</min-length>
            </attribute-definition>
            <attribute-definition attribute-id="ckoGooglePayEnvironment">
                <display-name xml:lang="x-default">Environment</display-name>
                <description xml:lang="x-default">Should the Google Pay option run in test or production mode.</description>
                <type>string</type>
                <mandatory-flag>true</mandatory-flag>
                <externally-managed-flag>false</externally-managed-flag>
                <value-definitions>
                    <value-definition>
                        <display xml:lang="x-default">Test</display>
                        <value>TEST</value>
                    </value-definition>
                    <value-definition>
                        <display xml:lang="x-default">Production</display>
                        <value>PRODUCTION</value>
                    </value-definition>
                </value-definitions>
                <default-value>TEST</default-value>
            </attribute-definition>
            <attribute-definition attribute-id="ckoGooglePayMerchantId">
                <display-name xml:lang="x-default">Google Pay Production merchant ID</display-name>
                <description xml:lang="x-default">Required to enable Google Pay payments in Production.</description>
                <type>string</type>
                <mandatory-flag>false</mandatory-flag>
                <externally-managed-flag>false</externally-managed-flag>
                <default-value>1234567890</default-value>
            </attribute-definition>
            <attribute-definition attribute-id="ckoGooglePayButton">
                <display-name xml:lang="x-default">Button Style</display-name>
                <description xml:lang="x-default">Google Pay button style.</description>
                <type>string</type>
                <mandatory-flag>true</mandatory-flag>
                <externally-managed-flag>false</externally-managed-flag>
                <value-definitions>
                    <value-definition>
                        <display xml:lang="x-default">Black</display>
                        <value>black</value>
                    </value-definition>
                    <value-definition>
                        <display xml:lang="x-default">White</display>
                        <value>white</value>
                    </value-definition>
                </value-definitions>
                <default-value>white</default-value>
            </attribute-definition>
        </custom-attribute-definitions>

        <group-definitions>
            <attribute-group group-id="CKO [1] Sandbox Keys">
                <display-name xml:lang="x-default">Checkout.com Sandbox API Keys</display-name>
                <attribute attribute-id="ckoSandboxPublicKey"/>
                <attribute attribute-id="ckoSandboxSecretKey"/>
                <attribute attribute-id="ckoSandboxPrivateSharedKey"/>
            </attribute-group>
            <attribute-group group-id="CKO [2] Live Keys">
                <display-name xml:lang="x-default">Checkout.com Live API Keys</display-name>
                <attribute attribute-id="ckoLivePublicKey"/>
                <attribute attribute-id="ckoLiveSecretKey"/>
                <attribute attribute-id="ckoLivePrivateSharedKey"/>
            </attribute-group>
            <attribute-group group-id="CKO [3] Business Details">
                <display-name xml:lang="x-default">Checkout.com Business Details</display-name>
                <attribute attribute-id="ckoBillingDescriptor1"/>
                <attribute attribute-id="ckoBillingDescriptor2"/>
                <attribute attribute-id="ckoBusinessName"/>
                <attribute attribute-id="ckoBusinessAddressLine1"/>
                <attribute attribute-id="ckoBusinessAddressLine2"/>
                <attribute attribute-id="ckoBusinessCity"/>
                <attribute attribute-id="ckoBusinessCountry"/>
            </attribute-group>
            <attribute-group group-id="CKO [4] SiteGenesis Settings">
                <display-name xml:lang="x-default">Checkout.com Site Genesis Cartridge Settings</display-name>
                <attribute attribute-id="ckoSgStorefrontCore"/>
                <attribute attribute-id="ckoSgStorefrontControllers"/>
            </attribute-group>
            <attribute-group group-id="CKO [5] General Settings">
                <display-name xml:lang="x-default">Checkout.com Payment Settings</display-name>
                <attribute attribute-id="ckoMode"/>
                <attribute attribute-id="ckoDebugEnabled"/>
            </attribute-group>
            <attribute-group group-id="CKO [6] Credit Card Settings">
                <display-name xml:lang="x-default">Checkout.com Payment Settings</display-name>
                <attribute attribute-id="ckoAutoCapture"/>
                <attribute attribute-id="ckoAutoCaptureTime"/>
                <attribute attribute-id="cko3ds"/>
                <attribute attribute-id="ckoN3ds"/>
                <attribute attribute-id="ckoEnableRiskFlag"/>
                <attribute attribute-id="ckoMada"/>
                <attribute attribute-id="ckoSavedCardEnabled"/>
                <attribute attribute-id="ckoUseSavedCardEnabled"/>
            </attribute-group>
            <attribute-group group-id="CKO [8] Google Pay Settings">
                <display-name xml:lang="x-default">Checkout.com Google Pay Settings</display-name>
                <attribute attribute-id="ckoGooglePayEnvironment"/>
                <attribute attribute-id="ckoGooglePayMerchantId"/>
                <attribute attribute-id="ckoGooglePayButton"/>
            </attribute-group>
       </group-definitions>

    </type-extension>
</metadata>
