{
	"hooks": [
		{
			"name": "dw.extensions.applepay.paymentAuthorized.authorizeOrderPayment",
			"script": "./payment/processor/CHECKOUTCOM_APPLE_PAY.js"
		},
		{
			"name": "dw.extensions.applepay.paymentAuthorized.placeOrder",
			"script": "./payment/processor/CHECKOUTCOM_APPLE_PAY.js"
		},
		{
			"name": "app.payment.processor.CHECKOUTCOM_CARD",
			"script": "./payment/processor/CHECKOUTCOM_CARD"		
		},	
		{
			"name": "app.payment.processor.CHECKOUTCOM_APM",
			"script": "./payment/processor/CHECKOUTCOM_APM"		
		},	
		{
			"name": "app.payment.processor.CHECKOUTCOM_GOOGLE_PAY",
			"script": "./payment/processor/CHECKOUTCOM_GOOGLE_PAY"		
		},
		{
            "name": "dw.extensions.applepay.shippingContactSelected",
            "script": "./payment/processor/CHECKOUTCOM_APPLE_PAY"
        },
		{
            "name": "dw.extensions.applepay.getRequest",
            "script": "./payment/processor/CHECKOUTCOM_APPLE_PAY"
        }
	]
}
