[{
    "id": "en_US",
    "currencyCode": "USD"
}, {
    "id": "en_GB",
    "currencyCode": "GBP"
}, {
    "id": "ja_JP",
    "currencyCode": "JPY"
}, {
    "id": "zh_CN",
    "currencyCode": "CNY"
}, {
    "id": "fr_FR",
    "currencyCode": "EUR"
}, {
    "id": "it_IT",
    "currencyCode": "EUR"
}, {
    "id": "en_CN",
    "currencyCode": "USD"
}, {
    "id": "en_NL",
    "currencyCode": "EUR"
}, {
    "id": "en_DE",
    "currencyCode": "EUR"
}, {
    "id": "en_PL",
    "currencyCode": "EUR"
}, {
    "id": "en_BE",
    "currencyCode": "EUR"
}, {
    "id": "en_AT",
    "currencyCode": "EUR"
}, {
    "id": "en_KW",
    "currencyCode": "KWD"
}, {
    "id": "en_PT",
    "currencyCode": "EUR"
}, {
    "id": "en_EG",
    "currencyCode": "EGP"
}, {
    "id": "en_QA",
    "currencyCode": "QAR"
}, {
    "id": "en_BH",
    "currencyCode": "BHD"
}, {
    "id": "en_BR",
    "currencyCode": "USD"
}, {
    "id": "en_MX",
    "currencyCode": "MXN"
}, {
    "id": "en_AU",
    "currencyCode": "AUD"
}]
