<?xml version="1.0" encoding="UTF-8"?>
<payment-processors xmlns="http://www.demandware.com/xml/impex/paymentprocessor/2007-03-31">
    <payment-processor processor-id="CHECKOUTCOM_CARD">
        <description>Checkout.com card payment processor</description>
        <preferences>
            <all-instances/>
            <development/>
            <staging/>
            <production/>
        </preferences>
    </payment-processor>
    <payment-processor processor-id="CHECKOUTCOM_APM">
        <description>Checkout.com Alternative Payment Methods payment processor</description>
        <preferences>
            <all-instances/>
            <development/>
            <staging/>
            <production/>
        </preferences>
    </payment-processor>
    <payment-processor processor-id="CHECKOUTCOM_GOOGLE_PAY">
        <description>Checkout.com Google Pay payment processor</description>
        <preferences>
            <all-instances/>
            <development/>
            <staging/>
            <production/>
        </preferences>
    </payment-processor>
    <payment-processor processor-id="CHECKOUTCOM_APPLE_PAY">
        <description>Checkout.com Apple Pay payment processor</description>
        <preferences>
            <all-instances/>
            <development/>
            <staging/>
            <production/>
        </preferences>
    </payment-processor>
</payment-processors>
