<?xml version="1.0" encoding="UTF-8"?>
<preferences xmlns="http://www.demandware.com/xml/impex/preferences/2007-03-31">
    <standard-preferences>
        <all-instances />
        <development />
        <staging />
        <production/>
    </standard-preferences>
    <custom-preferences>
        <all-instances/>
        <development>
            <preference preference-id="ckoProcessingChannelId">pc_zgo5k5jfmktu5hswkvofi7baxq</preference>
        </development>
        <staging/>
        <production/>
    </custom-preferences>
</preferences>

