<?xml version="1.0" encoding="UTF-8"?>
<services xmlns="http://www.demandware.com/xml/impex/services/2014-09-26">
    <service-credential service-credential-id="cko.verify.charges.sandbox.credential">
        <url>https://api.sandbox.checkout.com/payments</url>
        <user-id/>
        <password/>
    </service-credential>

    <service-credential service-credential-id="cko.card.sources.sandbox.credential">
        <url>https://api.sandbox.checkout.com/sources</url>
        <user-id/>
        <password/>
    </service-credential>

    <service-credential service-credential-id="cko.klarna.session.sandbox.credential">
        <url>https://api.sandbox.checkout.com/klarna-external/credit-sessions</url>
        <user-id/>
        <password/>
    </service-credential>

    <service-credential service-credential-id="cko.card.charge.sandbox.credential">
        <url>https://api.sandbox.checkout.com/payments</url>
        <user-id/>
        <password/>
    </service-credential>

    <service-credential service-credential-id="cko.payment.actions.sandbox.credential">
        <url>https://api.sandbox.checkout.com/payments/chargeId/actions</url>
        <user-id/>
        <password/>
    </service-credential>

    <service-credential service-credential-id="cko.transaction.capture.sandbox.credential">
        <url>https://api.sandbox.checkout.com/payments/chargeId/captures</url>
        <user-id/>
        <password/>
    </service-credential>

    <service-credential service-credential-id="cko.transaction.void.sandbox.credential">
        <url>https://api.sandbox.checkout.com/payments/chargeId/voids</url>
        <user-id/>
        <password/>
    </service-credential>

    <service-credential service-credential-id="cko.transaction.refund.sandbox.credential">
        <url>https://api.sandbox.checkout.com/payments/chargeId/refunds</url>
        <user-id/>
        <password/>
    </service-credential>

    <service-credential service-credential-id="cko.network.token.sandbox.credential">
        <url>https://api.sandbox.checkout.com/tokens</url>
        <user-id/>
        <password/>
    </service-credential>

    <service-credential service-credential-id="cko.verify.charges.live.credential">
        <url>https://api.checkout.com/payments</url>
        <user-id/>
        <password/>
    </service-credential>

    <service-credential service-credential-id="cko.card.sources.live.credential">
        <url>https://api.checkout.com/sources</url>
        <user-id/>
        <password/>
    </service-credential>

    <service-credential service-credential-id="cko.klarna.session.live.credential">
        <url>https://api.checkout.com/klarna/credit-sessions</url>
        <user-id/>
        <password/>
    </service-credential>

    <service-credential service-credential-id="cko.card.charge.live.credential">
        <url>https://api.checkout.com/payments</url>
        <user-id/>
        <password/>
    </service-credential>

    <service-credential service-credential-id="cko.payment.actions.live.credential">
        <url>https://api.checkout.com/payments/chargeId/actions</url>
        <user-id/>
        <password/>
    </service-credential>

    <service-credential service-credential-id="cko.transaction.capture.live.credential">
        <url>https://api.checkout.com/payments/chargeId/captures</url>
        <user-id/>
        <password/>
    </service-credential>

    <service-credential service-credential-id="cko.transaction.void.live.credential">
        <url>https://api.checkout.com/payments/chargeId/voids</url>
        <user-id/>
        <password/>
    </service-credential>

    <service-credential service-credential-id="cko.transaction.refund.live.credential">
        <url>https://api.checkout.com/payments/chargeId/refunds</url>
        <user-id/>
        <password/>
    </service-credential>

    <service-credential service-credential-id="cko.network.token.live.credential">
        <url>https://api.checkout.com/tokens</url>
        <user-id/>
        <password/>
    </service-credential>

    <service-profile service-profile-id="CheckoutCom">
        <timeout-millis>10000</timeout-millis>
        <rate-limit-enabled>false</rate-limit-enabled>
        <rate-limit-calls>0</rate-limit-calls>
        <rate-limit-millis>0</rate-limit-millis>
        <cb-enabled>false</cb-enabled>
        <cb-calls>0</cb-calls>
        <cb-millis>0</cb-millis>
    </service-profile>

    <service service-id="cko.card.charge.sandbox.service">
        <service-type>HTTP</service-type>
        <enabled>true</enabled>
        <log-prefix/>
        <comm-log-enabled>false</comm-log-enabled>
        <profile-id>CheckoutCom</profile-id>
        <credential-id>cko.card.charge.sandbox.credential</credential-id>
    </service>

    <service service-id="cko.payment.actions.sandbox.service">
        <service-type>HTTP</service-type>
        <enabled>true</enabled>
        <log-prefix/>
        <comm-log-enabled>false</comm-log-enabled>
        <profile-id>CheckoutCom</profile-id>
        <credential-id>cko.payment.actions.sandbox.credential</credential-id>
    </service>

    <service service-id="cko.transaction.capture.sandbox.service">
        <service-type>HTTP</service-type>
        <enabled>true</enabled>
        <log-prefix/>
        <comm-log-enabled>false</comm-log-enabled>
        <profile-id>CheckoutCom</profile-id>
        <credential-id>cko.transaction.capture.sandbox.credential</credential-id>
    </service>

    <service service-id="cko.transaction.void.sandbox.service">
        <service-type>HTTP</service-type>
        <enabled>true</enabled>
        <log-prefix/>
        <comm-log-enabled>false</comm-log-enabled>
        <profile-id>CheckoutCom</profile-id>
        <credential-id>cko.transaction.void.sandbox.credential</credential-id>
    </service>

    <service service-id="cko.transaction.refund.sandbox.service">
        <service-type>HTTP</service-type>
        <enabled>true</enabled>
        <log-prefix/>
        <comm-log-enabled>false</comm-log-enabled>
        <profile-id>CheckoutCom</profile-id>
        <credential-id>cko.transaction.refund.sandbox.credential</credential-id>
    </service>

    <service service-id="cko.network.token.sandbox.service">
        <service-type>HTTP</service-type>
        <enabled>true</enabled>
        <log-prefix/>
        <comm-log-enabled>false</comm-log-enabled>
        <profile-id>CheckoutCom</profile-id>
        <credential-id>cko.network.token.sandbox.credential</credential-id>
    </service>

    <service service-id="cko.card.sources.sandbox.service">
        <service-type>HTTP</service-type>
        <enabled>true</enabled>
        <log-prefix/>
        <comm-log-enabled>false</comm-log-enabled>
        <profile-id>CheckoutCom</profile-id>
        <credential-id>cko.card.sources.sandbox.credential</credential-id>
    </service>

    <service service-id="cko.klarna.session.sandbox.service">
        <service-type>HTTP</service-type>
        <enabled>true</enabled>
        <log-prefix/>
        <comm-log-enabled>false</comm-log-enabled>
        <profile-id>CheckoutCom</profile-id>
        <credential-id>cko.klarna.session.sandbox.credential</credential-id>
    </service>

    <service service-id="cko.verify.charges.sandbox.service">
        <service-type>HTTP</service-type>
        <enabled>true</enabled>
        <log-prefix/>
        <comm-log-enabled>false</comm-log-enabled>
        <profile-id>CheckoutCom</profile-id>
        <credential-id>cko.verify.charges.sandbox.credential</credential-id>
    </service>

    <service service-id="cko.card.charge.live.service">
        <service-type>HTTP</service-type>
        <enabled>true</enabled>
        <log-prefix/>
        <comm-log-enabled>false</comm-log-enabled>
        <profile-id>CheckoutCom</profile-id>
        <credential-id>cko.card.charge.live.credential</credential-id>
    </service>

    <service service-id="cko.payment.actions.live.service">
        <service-type>HTTP</service-type>
        <enabled>true</enabled>
        <log-prefix/>
        <comm-log-enabled>false</comm-log-enabled>
        <profile-id>CheckoutCom</profile-id>
        <credential-id>cko.payment.actions.live.credential</credential-id>
    </service>

    <service service-id="cko.transaction.capture.live.service">
        <service-type>HTTP</service-type>
        <enabled>true</enabled>
        <log-prefix/>
        <comm-log-enabled>false</comm-log-enabled>
        <profile-id>CheckoutCom</profile-id>
        <credential-id>cko.transaction.capture.live.credential</credential-id>
    </service>

    <service service-id="cko.transaction.void.live.service">
        <service-type>HTTP</service-type>
        <enabled>true</enabled>
        <log-prefix/>
        <comm-log-enabled>false</comm-log-enabled>
        <profile-id>CheckoutCom</profile-id>
        <credential-id>cko.transaction.void.live.credential</credential-id>
    </service>

    <service service-id="cko.transaction.refund.live.service">
        <service-type>HTTP</service-type>
        <enabled>true</enabled>
        <log-prefix/>
        <comm-log-enabled>false</comm-log-enabled>
        <profile-id>CheckoutCom</profile-id>
        <credential-id>cko.transaction.refund.live.credential</credential-id>
    </service>

    <service service-id="cko.network.token.live.service">
        <service-type>HTTP</service-type>
        <enabled>true</enabled>
        <log-prefix/>
        <comm-log-enabled>false</comm-log-enabled>
        <profile-id>CheckoutCom</profile-id>
        <credential-id>cko.network.token.live.credential</credential-id>
    </service>

    <service service-id="cko.card.sources.live.service">
        <service-type>HTTP</service-type>
        <enabled>true</enabled>
        <log-prefix/>
        <comm-log-enabled>false</comm-log-enabled>
        <profile-id>CheckoutCom</profile-id>
        <credential-id>cko.card.sources.live.credential</credential-id>
    </service>

    <service service-id="cko.klarna.session.live.service">
        <service-type>HTTP</service-type>
        <enabled>true</enabled>
        <log-prefix/>
        <comm-log-enabled>false</comm-log-enabled>
        <profile-id>CheckoutCom</profile-id>
        <credential-id>cko.klarna.session.live.credential</credential-id>
    </service>

    <service service-id="cko.verify.charges.live.service">
        <service-type>HTTP</service-type>
        <enabled>true</enabled>
        <log-prefix/>
        <comm-log-enabled>false</comm-log-enabled>
        <profile-id>CheckoutCom</profile-id>
        <credential-id>cko.verify.charges.live.credential</credential-id>
    </service>
</services>
